{"cameraMode":{"drawMode":0,"name":"Shaded","section":"Shading Mode"},"sceneLighting":true,"audioPlay":false,"sceneViewState":{"m_AlwaysRefresh":false,"showFog":true,"showSkybox":true,"showFlares":true,"showImageEffects":true,"showParticleSystems":true,"showVisualEffectGraphs":true,"m_FxEnabled":true},"in2DMode":false,"pivot":{"x":-9.428552627563477,"y":0.9439043998718262,"z":-0.09913259744644165},"rotation":{"x":0.11375018209218979,"y":-0.007451103068888187,"z":0.000853095029015094,"w":0.993480384349823},"size":2.269932270050049,"orthographic":false}