{"cameraMode":{"drawMode":0,"name":"Shaded","section":"Shading Mode"},"sceneLighting":true,"audioPlay":false,"sceneViewState":{"m_AlwaysRefresh":false,"showFog":true,"showSkybox":true,"showFlares":true,"showImageEffects":true,"showParticleSystems":true,"showVisualEffectGraphs":true,"m_FxEnabled":true},"in2DMode":false,"pivot":{"x":-18.47052001953125,"y":-19.307884216308595,"z":28.943822860717775},"rotation":{"x":0.28963929414749148,"y":-0.030143143609166147,"z":0.009126726537942887,"w":0.9566175937652588},"size":37.724205017089847,"orthographic":false}